player_id,player_name,WINGSPAN,CSFGA,CS3PA,AVGDIST,SIXTto3PTr
2544,LeBron James,,3.2,2.9,12.95,0.3102
101108,Chris Paul,,1.7,1.6,20.73,0.6329
200768,Kyle Lowry,,1.8,1.8,21.97,0.735
200782,P.J. Tucker,,1.7,1.7,23.29,0.8571
201142,Kevin Durant,,5.7,4.8,14.96,0.331
201143,Al Horford,,5.3,5.1,18.47,0.679
201144,Mike Conley,,2.3,2.3,18.87,0.6603
201145,Jeff Green,,2.2,2.2,18.03,0.6529
201566,Russell Westbrook,,2.9,2.8,11.83,0.349
201567,Kevin Love,,2.6,2.4,16.83,0.5739
201569,Eric Gordon,,3.2,3.2,19.38,0.6618
201572,Brook Lopez,,5.1,4.5,15.55,0.4819
201587,Nicolas Batum,,2.6,2.5,21.65,0.8529
201599,DeAndre Jordan,,0.0,,1.92,0.0
201935,James Harden,,1.5,1.5,16.81,0.5158
201939,Stephen Curry,,5.3,5.1,19.47,0.6184
201942,DeMar DeRozan,,3.5,2.4,14.84,0.1911
201949,James Johnson,,0.3,0.3,14.09,0.2727
201950,Jrue Holiday,,3.2,3.2,15.66,0.534
201959,Taj Gibson,,0.5,0.1,4.67,0.0211
201988,Patty Mills,,1.8,1.8,23.85,0.9
202066,Garrett Temple,,0.9,0.8,14.8,0.4667
202331,Paul George,,3.7,3.3,17.49,0.4684
202681,Kyrie Irving,,3.1,2.9,14.39,0.3788
202684,Tristan Thompson,,0.1,0.1,5.31,0.0423
202685,Jonas Valančiūnas,,1.6,0.4,6.43,0.0488
202687,Bismack Biyombo,,0.1,,3.99,0.0
202691,Klay Thompson,,6.2,5.7,19.59,0.6306
202692,Alec Burks,,3.4,3.4,20.29,0.7601
202693,Markieff Morris,,2.3,2.1,16.6,0.4792
202695,Kawhi Leonard,,3.4,3.0,13.93,0.305
202696,Nikola Vučević,,5.8,4.4,12.03,0.3083
202699,Tobias Harris,,3.3,3.2,12.61,0.328
202704,Reggie Jackson,,1.9,1.8,,
202709,Cory Joseph,,1.8,1.8,19.88,0.6883
202710,Jimmy Butler III,,1.6,1.3,9.38,0.2006
203076,Anthony Davis,,3.6,1.9,11.53,0.1974
203078,Bradley Beal,,3.8,3.5,14.67,0.3804
203081,Damian Lillard,,3.6,3.5,17.96,0.5242
203083,Andre Drummond,,0.6,0.5,4.91,0.0769
203084,Harrison Barnes,,3.8,3.8,14.3,0.5242
203109,Jae Crowder,,1.7,1.6,20.14,0.6818
203110,Draymond Green,,3.7,3.4,14.4,0.4813
203114,Khris Middleton,,1.9,1.7,16.37,0.3651
203458,Alex Len,,0.3,0.2,7.0,0.1364
203468,CJ McCollum,,4.3,4.1,15.63,0.459
203471,Dennis Schröder,,3.3,3.2,15.5,0.4143
203482,Kelly Olynyk,,1.8,1.5,10.01,0.24
203484,Kentavious Caldwell-Pope,,3.6,3.4,18.82,0.6066
203486,Mason Plumlee,,0.1,0.0,3.42,0.0149
203497,Rudy Gobert,,0.2,,1.93,0.0
203500,Steven Adams,,0.2,0.0,3.75,0.0
203501,Tim Hardaway Jr.,,5.0,4.9,19.67,0.6721
203507,Giannis Antetokounmpo,,0.4,0.3,6.57,0.047
203552,Seth Curry,,2.1,2.0,18.29,0.5306
203897,Zach LaVine,,2.9,2.8,15.81,0.4503
203901,Elfrid Payton,,0.1,0.1,8.35,0.0594
203903,Jordan Clarkson,,3.4,3.1,16.14,0.4625
203914,Gary Harris,,2.0,1.9,20.18,0.7594
203915,Spencer Dinwiddie,,1.8,1.7,15.43,0.478
203924,Jerami Grant,,6.1,6.0,15.52,0.5139
203926,Doug McDermott,,2.2,2.2,22.76,0.8632
203932,Aaron Gordon,,2.6,2.3,11.34,0.3441
203935,Marcus Smart,,3.2,3.1,16.06,0.4587
203937,Kyle Anderson,,1.1,0.9,8.18,0.1269
203939,Dwight Powell,,0.1,0.1,3.46,0.082
203944,Julius Randle,,3.3,3.2,11.93,0.3333
203952,Andrew Wiggins,,4.1,4.0,13.86,0.3984
203954,Joel Embiid,,4.8,3.3,13.03,0.2444
203957,Danté Exum,,2.1,2.1,12.84,0.3881
203967,Dario Šarić,,1.8,1.5,13.62,0.4483
203991,Clint Capela,,0.1,0.0,2.63,0.0026
203992,Bogdan Bogdanović,,4.0,3.8,17.86,0.5299
203994,Jusuf Nurkić,,2.0,1.8,9.33,0.2381
203995,Vasilije Micić,,1.1,1.1,,
203999,Nikola Jokić,,4.1,3.3,11.05,0.2265
204001,Kristaps Porziņģis,,6.0,5.6,15.51,0.4355
204060,Joe Ingles,,0.4,0.4,18.87,0.6522
204456,T.J. McConnell,,0.6,0.4,8.63,0.0769
1626143,Jahlil Okafor,,0.0,,,
1626145,Tyus Jones,,4.2,4.1,17.83,0.5871
1626153,Delon Wright,,1.4,1.4,13.43,0.4898
1626156,D'Angelo Russell,,3.3,3.2,18.53,0.5841
1626157,Karl-Anthony Towns,,4.3,3.9,10.32,0.2782
1626158,Richaun Holmes,,0.3,0.1,3.12,0.0216
1626162,Kelly Oubre Jr.,,3.3,3.3,10.84,0.3266
1626164,Devin Booker,,3.9,3.3,,
1626166,Cameron Payne,,1.8,1.8,,
1626167,Myles Turner,,6.1,4.9,,
1626168,Trey Lyles,,3.4,3.2,,
1626171,Bobby Portis,,4.6,3.4,,
1626172,Kevon Looney,,0.4,0.1,,
1626179,Terry Rozier,,2.6,2.6,,
1626181,Norman Powell,,4.2,4.0,,
1626192,Pat Connaughton,,1.5,1.5,,
1626196,Josh Richardson,,3.1,2.6,,
1626204,Larry Nance Jr.,,3.3,3.1,,
1626220,Royce O'Neale,,5.2,5.1,,
1627732,Ben Simmons,,0.1,,,
1627734,Domantas Sabonis,,2.9,2.2,,
1627736,Malik Beasley,,6.9,6.9,,
1627739,Kris Dunn,,2.8,2.8,,
1627741,Buddy Hield,,4.8,4.7,,
1627742,Brandon Ingram,,4.3,3.9,,
1627746,Skal Labissiere,,0.3,0.3,,
1627747,Caris LeVert,,3.0,2.9,,
1627749,Dejounte Murray,,3.0,2.9,,
1627750,Jamal Murray,,2.8,2.7,,
1627751,Jakob Poeltl,,1.9,0.0,,
1627752,Taurean Prince,,3.4,3.3,,
1627759,Jaylen Brown,,3.1,2.9,,
1627763,Malcolm Brogdon,,1.5,1.5,,
1627777,Georges Niang,,4.9,4.9,,
1627780,Gary Payton II,,1.5,1.5,,
1627783,Pascal Siakam,,4.3,3.8,,
1627814,Damion Lee,,1.3,1.2,,
1627824,Guerschon Yabusele,,3.8,3.7,,
1627826,Ivica Zubac,,0.9,,,
1627827,Dorian Finney-Smith,,4.8,4.8,,
1627832,Fred VanVleet,,3.7,3.6,,
1627884,Derrick Jones Jr.,,2.7,2.7,,
1627936,Alex Caruso,,2.8,2.7,,
1628365,Markelle Fultz,,0.4,0.3,,
1628366,Lonzo Ball,,4.4,4.3,,
1628368,De'Aaron Fox,,3.2,3.1,,
1628369,Jayson Tatum,,3.0,2.7,,
1628370,Malik Monk,,3.9,3.8,,
1628371,Jonathan Isaac,,2.4,2.0,,
1628374,Lauri Markkanen,,8.0,7.8,,
1628378,Donovan Mitchell,,3.6,3.4,,
1628379,Luke Kennard,,3.2,3.0,,
1628380,Zach Collins,,1.9,1.6,,
1628381,John Collins,,3.8,3.5,,
1628384,OG Anunoby,,5.1,5.0,,
1628386,Jarrett Allen,,0.5,0.0,,
1628389,Bam Adebayo,,3.9,2.2,,
1628392,Isaiah Hartenstein,,2.5,0.3,,
1628396,Tony Bradley,,0.3,0.2,,
1628398,Kyle Kuzma,,3.6,3.4,,
1628401,Derrick White,,6.1,6.0,,
1628404,Josh Hart,,2.5,2.3,,
1628408,PJ Dozier,,0.3,0.3,,
1628415,Dillon Brooks,,5.3,5.1,,
1628418,Thomas Bryant,,2.3,2.1,,
1628420,Monté Morris,,1.6,1.6,,
1628427,Vlatko Čančar,,1.2,1.2,,
1628436,Luke Kornet,,0.1,0.0,,
1628449,Chris Boucher,,3.6,3.5,,
1628464,Daniel Theis,,1.3,0.9,,
1628467,Maxi Kleber,,1.4,1.4,,
1628470,Torrey Craig,,2.2,2.2,,
1628960,Grayson Allen,,4.5,4.5,,
1628963,Marvin Bagley III,,0.8,0.6,,
1628964,Mo Bamba,,1.8,1.7,,
1628969,Mikal Bridges,,5.4,4.9,,
1628970,Miles Bridges,,4.0,3.9,,
1628971,Bruce Brown,,2.2,1.8,,
1628973,Jalen Brunson,,1.9,1.9,,
1628975,Jevon Carter,,1.5,1.4,,
1628976,Wendell Carter Jr.,,3.0,2.3,,
1628978,Donte DiVincenzo,,5.0,5.0,,
1628981,Bruno Fernando,,0.3,,,
1628983,Shai Gilgeous-Alexander,,1.3,1.0,,
1628988,Aaron Holiday,,2.2,2.2,,
1628989,Kevin Huerter,,4.4,4.3,,
1628991,Jaren Jackson Jr.,,4.6,4.4,,
1628995,Kevin Knox II,,1.0,1.0,,
1628997,Caleb Martin,,2.3,1.8,,
1628998,Cody Martin,,2.5,2.3,,
1629001,De'Anthony Melton,,4.2,4.2,,
1629003,Shake Milton,,1.4,1.4,,
1629004,Svi Mykhailiuk,,2.6,2.6,,
1629006,Josh Okogie,,2.1,2.0,,
1629008,Michael Porter Jr.,,4.9,4.6,,
1629011,Mitchell Robinson,,0.0,,,
1629012,Collin Sexton,,2.1,2.0,,
1629013,Landry Shamet,,2.4,2.3,,
1629014,Anfernee Simons,,4.4,4.3,,
1629018,Gary Trent Jr.,,4.5,4.4,,
1629020,Jarred Vanderbilt,,0.9,0.9,,
1629021,Moritz Wagner,,2.5,2.5,,
1629022,Lonnie Walker IV,,4.3,4.2,,
1629023,P.J. Washington,,3.2,3.1,,
1629026,Kenrich Williams,,2.2,2.2,,
1629027,Trae Young,,1.6,1.4,,
1629028,Deandre Ayton,,3.7,0.8,,
1629029,Luka Dončić,,2.6,2.4,16.69,0.4506
1629048,Goga Bitadze,,0.5,0.4,,
1629052,Oshae Brissett,,2.7,2.7,,
1629056,Terence Davis,,1.0,1.0,,
1629057,Robert Williams III,,0.3,0.2,,
1629060,Rui Hachimura,,4.4,4.1,,
1629098,Jack McVeigh,,1.2,1.2,,
1629111,Jock Landale,,1.1,0.5,,
1629130,Duncan Robinson,,4.1,4.1,,
1629162,Jordan McLaughlin,,0.6,0.6,,
1629216,Gabe Vincent,,3.3,3.2,,
1629234,Drew Eubanks,,0.2,0.1,,
1629312,Haywood Highsmith,,3.1,3.0,,
1629599,Amir Coffey,,3.1,3.0,,
1629610,DaQuan Jeffries,,3.2,3.1,,
1629611,Terance Mann,,1.7,1.6,,
1629614,Andrew Nembhard,,2.4,2.0,,
1629618,Jalen Pickett,,1.7,1.6,,
1629622,Max Strus,,4.9,4.9,,
1629626,Bol Bol,,2.3,2.0,,
1629627,Zion Williamson,,0.2,0.2,,
1629628,RJ Barrett,,4.7,4.7,,
1629629,Cam Reddish,,1.4,1.3,,
1629630,Ja Morant,,2.6,2.6,,
1629631,De'Andre Hunter,,4.9,4.7,,
1629632,Coby White,,4.5,4.5,,
1629634,Brandon Clarke,,0.7,0.3,,
1629636,Darius Garland,,3.2,3.1,,
1629637,Jaxson Hayes,,0.1,0.1,,
1629638,Nickeil Alexander-Walker,,3.7,3.6,,
1629639,Tyler Herro,,4.6,4.4,,
1629640,Keldon Johnson,,3.0,3.0,,
1629643,Chuma Okeke,,2.7,2.7,,
1629645,Kevin Porter Jr.,,0.9,0.9,,
1629646,Charles Bassey,,0.3,,,
1629650,Moses Brown,,0.2,,,
1629651,Nic Claxton,,1.0,0.3,,
1629652,Luguentz Dort,,5.1,5.0,,
1629655,Daniel Gafford,,0.1,,,
1629656,Quentin Grimes,,3.4,3.3,,
1629659,Talen Horton-Tucker,,1.6,1.6,,
1629660,Ty Jerome,,1.7,1.7,,
1629661,Cameron Johnson,,5.2,5.1,,
1629667,Jalen McDaniels,,0.0,,,
1629669,Jaylen Nowell,,2.6,2.5,,
1629673,Jordan Poole,,4.2,4.1,,
1629674,Neemias Queta,,0.2,0.0,,
1629675,Naz Reid,,4.8,4.7,,
1629680,Matisse Thybulle,,2.9,2.8,,
1629684,Grant Williams,,3.8,3.6,,
1629723,John Konchar,,1.3,1.3,,
1629726,Garrison Mathews,,4.0,3.9,,
1629731,Dean Wade,,3.6,3.6,,
1629750,Javonte Green,,2.0,2.0,,
1630162,Anthony Edwards,,2.7,2.6,,
1630163,LaMelo Ball,,4.7,4.6,,
1630164,James Wiseman,,3.0,1.0,,
1630165,Killian Hayes,,2.8,2.7,,
1630166,Deni Avdija,,3.8,3.7,,
1630167,Obi Toppin,,3.3,3.3,,
1630168,Onyeka Okongwu,,2.1,2.0,,
1630169,Tyrese Haliburton,,2.0,2.0,,
1630170,Devin Vassell,,5.3,5.0,,
1630171,Isaac Okoro,,2.5,2.5,,
1630172,Patrick Williams,,3.1,3.1,,
1630173,Precious Achiuwa,84.75,0.8,0.6,,
1630174,Aaron Nesmith,,3.6,3.6,,
1630175,Cole Anthony,,2.3,2.3,,
1630178,Tyrese Maxey,,3.1,3.1,,
1630182,Josh Green,81.75,3.5,3.4,,
1630183,Jaden McDaniels,,3.3,3.2,,
1630188,Jalen Smith,86.25,3.4,3.3,,
1630191,Isaiah Stewart,88.75,0.8,0.7,,
1630192,Zeke Nnaji,86.0,1.0,0.9,,
1630193,Immanuel Quickley,80.25,3.7,3.5,,
1630194,Paul Reed,86.0,1.1,0.5,,
1630198,Isaiah Joe,79.5,4.7,4.6,,
1630200,Tre Jones,,1.0,0.9,,
1630201,Malachi Flynn,,1.0,1.0,,
1630202,Payton Pritchard,,4.9,4.9,,
1630205,Lamar Stevens,81.0,1.4,1.4,,
1630208,Nick Richards,86.25,0.5,0.0,,
1630214,Xavier Tillman,86.0,0.9,0.9,,
1630215,Jared Butler,,1.7,1.7,,
1630217,Desmond Bane,,2.8,2.6,,
1630222,Mason Jones,79.0,0.7,0.7,,
1630224,Jalen Green,,3.5,3.3,,
1630227,Daishen Nix,,0.3,0.3,,
1630228,Jonathan Kuminga,,2.5,2.4,,
1630230,Naji Marshall,84.75,2.8,2.7,,
1630231,KJ Martin,79.25,1.3,1.3,,
1630241,Sam Merrill,,4.4,4.3,,
1630243,Trevelin Queen,,1.5,1.5,,
1630245,Ayo Dosunmu,,3.5,3.5,,
1630249,Vít Krejčí,,2.9,2.8,,
1630256,Jae'Sean Tate,,0.8,0.8,,
1630264,Anthony Gill,,0.6,0.6,,
1630283,Kylor Kelley,,0.3,,,
1630288,Jeff Dowtin Jr.,,0.7,0.7,,
1630296,Braxton Key,,0.3,0.3,,
1630311,Pat Spencer,,0.4,0.4,,
1630314,Brandon Williams,,1.2,1.1,,
1630322,Lindy Waters III,,3.0,2.9,,
1630346,Matt Ryan,,0.9,0.8,,
1630526,Jeremiah Robinson-Earl,,2.5,2.3,,
1630527,Brandon Boston,,2.1,2.0,,
1630528,Josh Christopher,,0.6,0.6,,
1630529,Herbert Jones,,3.9,3.4,,
1630530,Trey Murphy III,,5.5,5.4,,
1630531,Jaden Springer,,0.9,0.9,,
1630532,Franz Wagner,,3.4,3.3,,
1630533,Ziaire Williams,,4.3,4.3,,
1630534,Ochai Agbaji,,3.7,3.7,,
1630537,Chris Duarte,,0.4,0.4,,
1630538,Bones Hyland,,1.1,1.1,,
1630539,Kai Jones,,0.1,0.0,,
1630540,Miles McBride,,3.1,3.0,,
1630541,Moses Moody,,4.1,4.0,,
1630542,Marcus Bagley,,2.8,2.7,,
1630543,Isaiah Jackson,,0.0,,,
1630544,Tre Mann,,2.2,2.2,,
1630545,Terrence Shannon Jr.,80.75,0.8,0.8,,
1630548,Johnny Juzang,,4.0,4.0,,
1630549,Day'Ron Sharpe,,1.0,0.9,,
1630550,JT Thor,,1.1,1.0,,
1630551,Justin Champagnie,,2.8,2.8,,
1630552,Jalen Johnson,,3.5,3.2,,
1630553,Keon Johnson,,4.0,3.9,,
1630556,Kessler Edwards,,1.4,1.3,,
1630557,Corey Kispert,,4.7,4.6,,
1630558,Davion Mitchell,,2.0,2.0,,
1630559,Austin Reaves,,4.0,3.9,,
1630560,Cam Thomas,,2.7,2.5,,
1630561,David Duke Jr.,,1.0,1.0,,
1630567,Scottie Barnes,,3.3,2.8,,
1630568,Luka Garza,,1.0,0.9,,
1630570,Trendon Watford,,1.6,1.6,,
1630572,Sandro Mamukelashvili,,2.4,2.4,,
1630573,Sam Hauser,,4.6,4.5,,
1630574,Ariel Hukporti,86.5,0.0,,,
1630577,Julian Champagnie,,5.1,5.1,,
1630578,Alperen Sengun,,2.4,0.9,,
1630579,Jericho Sims,,0.0,,,
1630581,Josh Giddey,,3.2,3.1,,
1630583,Santi Aldama,,4.6,4.4,,
1630585,Marcus Garrett,,1.8,1.8,,
1630590,Scotty Pippen Jr.,,2.4,2.4,,
1630591,Jalen Suggs,,4.3,4.2,,
1630592,Jalen Wilson,,4.4,4.3,,
1630595,Cade Cunningham,,2.2,2.1,,
1630596,Evan Mobley,,2.9,2.7,,
1630598,Aaron Wiggins,,3.8,3.7,,
1630600,Isaiah Mobley,,3.0,3.0,,
1630604,E.J. Liddell,,0.8,0.8,,
1630611,Gui Santos,,1.8,1.7,,
1630618,D.J. Carton,,0.8,0.8,,
1630623,Tyson Etienne,,5.9,5.9,,
1630625,Dalano Banton,,2.5,2.5,,
1630631,Jose Alvarado,,3.6,3.6,,
1630639,A.J. Lawson,,3.6,3.6,,
1630643,Jay Huff,,3.1,3.0,,
1630644,Mac McClung,,0.5,0.5,,
1630649,Stanley Umude,,0.7,0.7,,
1630658,Colin Castleton,,0.9,0.6,,
1630678,Terry Taylor,,0.0,,,
1630692,Jordan Goodwin,,2.0,2.0,,
1630695,Micah Potter,,2.6,2.5,,
1630696,Dru Smith,,1.7,1.7,,
1630699,MarJon Beauchamp,,0.4,0.4,,
1630700,Dyson Daniels,,2.7,2.5,,
1630702,Jaden Hardy,,2.7,2.6,,
1630703,Scoot Henderson,,2.6,2.4,,
1630762,Phillip Wheeler,,1.2,1.2,,
1630811,Keaton Wallace,,1.9,1.9,,
1631093,Jaden Ivey,,2.9,2.8,,
1631094,Paolo Banchero,,2.2,2.0,,
1631095,Jabari Smith Jr.,,4.6,4.3,,
1631096,Chet Holmgren,,3.8,3.3,,
1631097,Bennedict Mathurin,,1.8,1.7,,
1631098,Johnny Davis,,0.4,0.4,,
1631099,Keegan Murray,,5.4,5.3,,
1631101,Shaedon Sharpe,,3.4,3.2,,
1631102,TyTy Washington Jr.,,0.9,0.9,,
1631103,Malaki Branham,,1.4,1.4,,
1631104,Blake Wesley,,0.9,0.9,,
1631105,Jalen Duren,,0.0,,,
1631106,Tari Eason,,3.1,3.0,,
1631107,Nikola Jović,,4.2,4.1,,
1631108,Max Christie,,3.4,3.4,,
1631109,Mark Williams,,0.9,0.1,,
1631110,Jeremy Sochan,,1.8,1.6,,
1631111,Wendell Moore Jr.,,1.0,0.9,,
1631114,Jalen Williams,,3.3,3.2,,
1631115,Orlando Robinson,,1.5,1.1,,
1631116,Patrick Baldwin Jr.,,0.7,0.7,,
1631117,Walker Kessler,,0.6,0.6,,
1631119,Jaylin Williams,,3.4,3.1,,
1631120,JD Davison,,0.8,0.8,,
1631121,Bryce McGowens,,0.2,0.2,,
1631123,Jamaree Bouyea,,0.6,0.6,,
1631124,Julian Strawther,,3.3,3.3,,
1631127,Harrison Ingram,84.25,0.4,0.2,,
1631128,Christian Braun,,2.3,2.2,,
1631131,Oscar Tshiebwe,,0.4,,,
1631132,Christian Koloko,,0.1,0.1,,
1631133,Jabari Walker,,1.3,1.2,,
1631157,Ryan Rollins,,1.8,1.8,,
1631159,Leonard Miller,,0.3,0.3,,
1631165,Keon Ellis,,3.4,3.3,,
1631166,Drew Timme,,4.6,3.4,,
1631169,Josh Minott,,0.9,0.9,,
1631170,Jaime Jaquez Jr.,,1.5,1.5,,
1631172,Ousmane Dieng,,1.6,1.5,,
1631197,Jared Rhoden,,2.4,2.4,,
1631199,Ron Harper Jr.,,6.0,6.0,,
1631200,Kris Murray,,1.5,1.5,,
1631204,Marcus Sasser,,1.1,1.0,,
1631207,Dalen Terry,,1.4,1.3,,
1631209,Isaiah Wong,,0.9,0.8,,
1631210,Jacob Toppin,,0.5,0.5,,
1631212,Peyton Watson,,2.0,1.9,,
1631213,Tyrese Martin,,3.9,3.9,,
1631214,Alondes Williams,,1.0,1.0,,
1631216,Caleb Houstan,,2.6,2.6,,
1631217,Moussa Diabaté,,0.2,0.1,,
1631218,Trayce Jackson-Davis,,0.0,0.0,,
1631221,Collin Gillespie,,1.9,1.9,,
1631222,Jake LaRavia,,1.8,1.7,,
1631223,David Roddy,,1.5,1.5,,
1631230,Dominick Barlow,,1.1,0.8,,
1631232,Keion Brooks Jr.,,3.0,2.9,,
1631243,Mouhamed Gueye,,2.6,2.4,,
1631245,Quenton Jackson,,0.9,0.9,,
1631246,Vince Williams Jr.,,2.9,2.8,,
1631247,Luke Travers,,0.6,0.6,,
1631248,Baylor Scheierman,80.25,2.2,2.1,,
1631250,Pete Nance,,1.8,1.7,,
1631255,Karlo Matković,,1.8,1.6,,
1631260,AJ Green,,3.8,3.7,,
1631288,Jamal Cain,,1.8,1.8,,
1631301,Jaylen Sims,,1.8,1.8,,
1631303,Justin Minaya,,0.5,0.5,,
1631306,Cole Swider,,3.8,3.7,,
1631311,Lester Quinones,,2.2,2.2,,
1631321,Sidy Cissoko,,0.5,0.5,,
1631323,Simone Fontecchio,,2.7,2.6,,
1631342,Daeqwon Plowden,,2.8,2.8,,
1631386,Tazé Moore,,1.5,1.5,,
1631466,Nate Williams,,1.2,1.2,,
1641705,Victor Wembanyama,,6.7,5.8,,
1641706,Brandon Miller,,7.1,7.1,,
1641707,Taylor Hendricks,,3.7,3.7,,
1641708,Amen Thompson,,1.4,1.1,,
1641709,Ausar Thompson,,0.7,0.7,,
1641710,Anthony Black,,1.9,1.8,,
1641711,Gradey Dick,,4.9,4.6,,
1641712,Rayan Rupert,,0.9,0.8,,
1641713,GG Jackson,,2.8,2.7,,
1641715,Cam Whitmore,,2.0,1.9,,
1641716,Jarace Walker,,1.7,1.6,,
1641717,Cason Wallace,,2.7,2.7,,
1641718,Keyonte George,,3.7,3.6,,
1641720,Jalen Hood-Schifino,,1.2,1.1,,
1641721,Maxwell Lewis,,1.3,1.2,,
1641722,Jordan Hawkins,,4.3,4.2,,
1641723,Kobe Bufkin,,1.4,1.4,,
1641724,Jett Howard,,2.4,2.4,,
1641725,Trey Alexander,82.5,0.6,0.6,,
1641726,Dereck Lively II,,0.1,,,
1641727,Dariq Whitehead,,3.2,3.2,,
1641729,Brice Sensabaugh,,3.9,3.8,,
1641730,Noah Clowney,,5.2,5.2,,
1641731,Bilal Coulibaly,,3.2,3.1,,
1641732,Colby Jones,,0.9,0.8,,
1641733,Nick Smith Jr.,,3.8,3.8,,
1641734,Emoni Bates,,2.3,2.1,,
1641736,Reece Beekman,78.5,1.0,1.0,,
1641737,Adem Bona,87.75,0.0,0.0,,
1641738,Kobe Brown,,0.6,0.6,,
1641739,Toumani Camara,,4.1,4.1,,
1641740,Jaylen Clark,,1.2,1.2,,
1641741,Ricky Council IV,,2.1,2.1,,
1641744,Zach Edey,94.75,0.9,0.8,,
1641745,Adam Flagler,,1.4,1.4,,
1641748,Andre Jackson Jr.,,1.0,1.0,,
1641752,Bobi Klintman,83.0,0.6,0.5,,
1641753,Chris Livingston,,0.4,0.4,,
1641755,Kevin McCullar Jr.,81.0,0.3,0.3,,
1641757,Jordan Miller,,0.9,0.9,,
1641763,Julian Phillips,,1.9,1.9,,
1641764,Brandin Podziemski,,2.9,2.9,,
1641765,Olivier-Maxence Prosper,,1.0,0.8,,
1641766,Adama Sanogo,,0.0,,,
1641767,Ben Sheppard,,2.9,2.8,,
1641772,Nae'Qwan Tomlin,86.5,1.4,1.4,,
1641774,Tristan Vukcevic,,3.3,2.5,,
1641775,Jordan Walsh,,1.0,1.0,,
1641779,Jalen Bridges,82.0,0.8,0.8,,
1641783,Tristan da Silva,82.25,2.9,2.7,,
1641787,Tosan Evbuomwan,,2.6,2.5,,
1641789,Jazian Gortman,,0.5,0.5,,
1641790,PJ Hall,85.5,0.4,0.4,,
1641794,Dillon Jones,83.0,1.0,1.0,,
1641796,Pelle Larsson,79.5,1.5,1.5,,
1641798,Jaylen Martin,,1.3,1.3,,
1641801,Emanuel Miller,,0.2,0.2,,
1641803,Tristen Newton,78.75,0.3,0.3,,
1641809,Drew Peterson,,0.9,0.9,,
1641810,Antonio Reeves,80.25,2.2,2.2,,
1641815,Isaiah Stevens,,0.0,0.0,,
1641816,Hunter Tyson,,1.4,1.3,,
1641817,Anton Watson,,0.2,0.1,,
1641824,Matas Buzelis,82.0,3.1,3.1,,
1641842,Ronald Holland II,82.75,1.6,1.5,,
1641854,Craig Porter Jr.,,0.4,0.4,,
1641857,Liam Robbins,,0.2,0.2,,
1641871,Duop Reath,,2.3,2.2,,
1641878,Damion Baugh,,3.2,3.1,,
1641879,Yuri Collins,,0.0,,,
1641890,Tyler Smith,85.0,1.3,1.3,,
1641936,Miles Norris,,2.3,2.3,,
1641989,Elijah Harkless,,2.1,2.1,,
1641998,Trey Jemison III,,0.0,,,
1642024,Alex Reese,,2.7,2.7,,
1642050,Jackson Rowe,,1.3,1.3,,
1642258,Zaccharie Risacher,81.5,4.4,4.1,,
1642259,Alex Sarr,88.25,5.1,4.8,,
1642261,Dalton Knecht,81.0,3.6,3.6,,
1642262,Cody Williams,85.0,2.6,2.6,,
1642263,Reed Sheppard,75.25,2.2,2.1,,
1642264,Stephon Castle,81.0,2.8,2.7,,
1642265,Rob Dillingham,75.0,0.8,0.7,,
1642266,Ja'Kobe Walter,82.0,3.0,3.0,,
1642267,Bub Carrington,80.0,2.6,2.5,,
1642268,Isaiah Collier,76.75,1.3,1.3,,
1642269,Devin Carter,80.75,1.0,1.0,,
1642270,Donovan Clingan,90.75,0.7,0.7,,
1642271,Kyle Filipowski,82.5,2.9,2.8,,
1642272,Jared McCain,75.5,3.6,3.6,,
1642273,Kyshawn George,82.25,3.9,3.8,,
1642274,Yves Missi,86.0,0.2,0.0,,
1642275,Tidjane Salaün,85.5,2.5,2.4,,
1642276,Kel'el Ware,88.5,1.9,1.6,,
1642277,Johnny Furphy,80.0,1.0,0.9,,
1642278,Tyler Kolek,74.75,0.9,0.9,,
1642279,Ulrich Chomche,88.0,0.1,,,
1642280,Trentyn Flowers,80.25,0.5,0.3,,
1642281,Jaylon Tyson,80.0,1.1,1.1,,
1642285,Cam Spencer,77.0,1.6,1.6,,
1642345,Oso Ighodaro,83.0,0.5,0.0,,
1642346,Ryan Dunn,85.5,3.5,3.3,,
1642347,Jamal Shead,75.0,2.1,2.1,,
1642348,Justin Edwards,82.0,3.7,3.6,,
1642349,Ajay Mitchell,78.25,1.5,1.4,,
1642352,Keshad Johnson,82.25,0.4,0.4,,
1642353,Cam Christie,80.0,0.5,0.5,,
1642354,KJ Simpson,76.5,2.1,2.1,,
1642355,Bronny James,79.25,0.6,0.6,,
1642358,AJ Johnson,80.5,1.8,1.8,,
1642359,Pacôme Dadiet,81.0,1.1,1.0,,
1642366,Quinten Post,86.5,4.3,4.1,,
1642367,Jonathan Mogbo,86.0,1.1,1.0,,
1642368,N'Faly Dante,90.0,0.0,,,
1642377,Jaylen Wells,79.25,4.5,4.2,,
1642382,Branden Carlson,,2.0,2.0,,
1642384,Isaiah Crawford,,0.3,0.3,,
1642385,Cui Yongxi,,0.6,0.6,,
1642389,Zyon Pullin,,0.0,,,
1642399,Jesse Edwards,89.0,0.0,,,
1642402,Enrique Freeman,86.0,0.5,0.5,,
1642403,Isaac Jones,87.0,0.2,0.2,,
1642419,Jamison Battle,,3.9,3.8,,
1642422,Armel Traoré,,0.8,0.8,,
1642434,Riley Minix,,1.0,1.0,,
1642439,Quincy Olivari,,2.0,2.0,,
1642443,Jahmir Young,,0.3,0.3,,
1642449,Tolu Smith,,0.0,,,
1642450,Daniss Jenkins,,0.6,0.6,,
1642461,Spencer Jones,,0.9,0.9,,
1642484,RayJ Dennis,,1.2,1.2,,
1642502,Malevy Leons,,0.2,0.2,,
1642505,Alex Ducas,,1.0,1.0,,
1642530,Yuki Kawamura,,0.5,0.5,,
